relative_path,paired_hypnogram,size_bytes,duration_seconds,signal_count,channels,sample_rates_hz,stage_counts
sleep-cassette/SC4001E0-PSG.edf,sleep-cassette/SC4001EC-Hypnogram.edf,48338048,79500.0,7,EEG Fpz-Cz;EEG Pz-Oz;EOG horizontal;Resp oro-nasal;EMG submental;Temp rectal;Event marker,100;100;100;1;1;1;1,"{""1"": 24, ""2"": 40, ""3"": 48, ""4"": 23, ""?"": 1, ""R"": 6, ""W"": 12}"
sleep-cassette/SC4002E0-PSG.edf,sleep-cassette/SC4002EC-Hypnogram.edf,51621248,84900.0,7,EEG Fpz-Cz;EEG Pz-Oz;EOG horizontal;Resp oro-nasal;EMG submental;Temp rectal;Event marker,100;100;100;1;1;1;1,"{""1"": 32, ""2"": 37, ""3"": 30, ""4"": 16, ""?"": 1, ""M"": 1, ""R"": 12, ""W"": 23}"
sleep-cassette/SC4011E0-PSG.edf,sleep-cassette/SC4011EH-Hypnogram.edf,51110528,84060.0,7,EEG Fpz-Cz;EEG Pz-Oz;EOG horizontal;Resp oro-nasal;EMG submental;Temp rectal;Event marker,100;100;100;1;1;1;1,"{""1"": 33, ""2"": 40, ""3"": 21, ""4"": 8, ""?"": 1, ""R"": 8, ""W"": 15}"
sleep-cassette/SC4012E0-PSG.edf,sleep-cassette/SC4012EC-Hypnogram.edf,51986048,85500.0,7,EEG Fpz-Cz;EEG Pz-Oz;EOG horizontal;Resp oro-nasal;EMG submental;Temp rectal;Event marker,100;100;100;1;1;1;1,"{""1"": 42, ""2"": 55, ""3"": 29, ""4"": 9, ""?"": 1, ""R"": 18, ""W"": 17}"
sleep-cassette/SC4021E0-PSG.edf,sleep-cassette/SC4021EH-Hypnogram.edf,51147008,84120.0,7,EEG Fpz-Cz;EEG Pz-Oz;EOG horizontal;Resp oro-nasal;EMG submental;Temp rectal;Event marker,100;100;100;1;1;1;1,"{""1"": 22, ""2"": 56, ""3"": 43, ""4"": 15, ""?"": 1, ""R"": 15, ""W"": 9}"
sleep-cassette/SC4022E0-PSG.edf,sleep-cassette/SC4022EJ-Hypnogram.edf,50271488,82680.0,7,EEG Fpz-Cz;EEG Pz-Oz;EOG horizontal;Resp oro-nasal;EMG submental;Temp rectal;Event marker,100;100;100;1;1;1;1,"{""1"": 52, ""2"": 63, ""3"": 34, ""4"": 11, ""?"": 1, ""M"": 1, ""R"": 11, ""W"": 6}"
sleep-cassette/SC4031E0-PSG.edf,sleep-cassette/SC4031EC-Hypnogram.edf,51438848,84600.0,7,EEG Fpz-Cz;EEG Pz-Oz;EOG horizontal;Resp oro-nasal;EMG submental;Temp rectal;Event marker,100;100;100;1;1;1;1,"{""1"": 30, ""2"": 42, ""3"": 21, ""4"": 1, ""?"": 1, ""R"": 10, ""W"": 14}"
sleep-cassette/SC4032E0-PSG.edf,sleep-cassette/SC4032EP-Hypnogram.edf,49833728,81960.0,7,EEG Fpz-Cz;EEG Pz-Oz;EOG horizontal;Resp oro-nasal;EMG submental;Temp rectal;Event marker,100;100;100;1;1;1;1,"{""1"": 20, ""2"": 33, ""3"": 28, ""4"": 16, ""?"": 1, ""R"": 12, ""W"": 13}"
sleep-cassette/SC4041E0-PSG.edf,sleep-cassette/SC4041EC-Hypnogram.edf,46878848,77100.0,7,EEG Fpz-Cz;EEG Pz-Oz;EOG horizontal;Resp oro-nasal;EMG submental;Temp rectal;Event marker,100;100;100;1;1;1;1,"{""1"": 43, ""2"": 47, ""3"": 15, ""?"": 1, ""M"": 1, ""R"": 24, ""W"": 30}"
sleep-cassette/SC4042E0-PSG.edf,sleep-cassette/SC4042EC-Hypnogram.edf,50928128,83760.0,7,EEG Fpz-Cz;EEG Pz-Oz;EOG horizontal;Resp oro-nasal;EMG submental;Temp rectal;Event marker,100;100;100;1;1;1;1,"{""1"": 51, ""2"": 48, ""3"": 22, ""4"": 3, ""?"": 1, ""M"": 4, ""R"": 33, ""W"": 16}"
sleep-cassette/SC4051E0-PSG.edf,sleep-cassette/SC4051EC-Hypnogram.edf,49651328,81660.0,7,EEG Fpz-Cz;EEG Pz-Oz;EOG horizontal;Resp oro-nasal;EMG submental;Temp rectal;Event marker,100;100;100;1;1;1;1,"{""1"": 19, ""2"": 45, ""3"": 39, ""4"": 11, ""?"": 1, ""R"": 3, ""W"": 12}"
sleep-cassette/SC4052E0-PSG.edf,sleep-cassette/SC4052EC-Hypnogram.edf,51183488,84180.0,7,EEG Fpz-Cz;EEG Pz-Oz;EOG horizontal;Resp oro-nasal;EMG submental;Temp rectal;Event marker,100;100;100;1;1;1;1,"{""1"": 43, ""2"": 32, ""3"": 14, ""4"": 6, ""?"": 1, ""M"": 2, ""R"": 12, ""W"": 29}"
sleep-cassette/SC4061E0-PSG.edf,sleep-cassette/SC4061EC-Hypnogram.edf,50526848,83100.0,7,EEG Fpz-Cz;EEG Pz-Oz;EOG horizontal;Resp oro-nasal;EMG submental;Temp rectal;Event marker,100;100;100;1;1;1;1,"{""1"": 18, ""2"": 27, ""3"": 11, ""4"": 4, ""?"": 1, ""R"": 4, ""W"": 13}"
sleep-cassette/SC4062E0-PSG.edf,sleep-cassette/SC4062EC-Hypnogram.edf,51621248,84900.0,7,EEG Fpz-Cz;EEG Pz-Oz;EOG horizontal;Resp oro-nasal;EMG submental;Temp rectal;Event marker,100;100;100;1;1;1;1,"{""1"": 25, ""2"": 26, ""3"": 17, ""4"": 9, ""?"": 1, ""R"": 6, ""W"": 14}"
sleep-cassette/SC4071E0-PSG.edf,sleep-cassette/SC4071EC-Hypnogram.edf,51256448,84300.0,7,EEG Fpz-Cz;EEG Pz-Oz;EOG horizontal;Resp oro-nasal;EMG submental;Temp rectal;Event marker,100;100;100;1;1;1;1,"{""1"": 23, ""2"": 33, ""3"": 27, ""4"": 16, ""?"": 1, ""R"": 11, ""W"": 5}"
sleep-cassette/SC4072E0-PSG.edf,sleep-cassette/SC4072EH-Hypnogram.edf,50526848,83100.0,7,EEG Fpz-Cz;EEG Pz-Oz;EOG horizontal;Resp oro-nasal;EMG submental;Temp rectal;Event marker,100;100;100;1;1;1;1,"{""1"": 40, ""2"": 43, ""3"": 37, ""4"": 18, ""?"": 1, ""R"": 31, ""W"": 9}"
sleep-cassette/SC4081E0-PSG.edf,sleep-cassette/SC4081EC-Hypnogram.edf,51001088,83880.0,7,EEG Fpz-Cz;EEG Pz-Oz;EOG horizontal;Resp oro-nasal;EMG submental;Temp rectal;Event marker,100;100;100;1;1;1;1,"{""1"": 14, ""2"": 42, ""3"": 53, ""4"": 19, ""?"": 1, ""R"": 4, ""W"": 9}"
sleep-cassette/SC4082E0-PSG.edf,sleep-cassette/SC4082EP-Hypnogram.edf,48046208,79020.0,7,EEG Fpz-Cz;EEG Pz-Oz;EOG horizontal;Resp oro-nasal;EMG submental;Temp rectal;Event marker,100;100;100;1;1;1;1,"{""1"": 23, ""2"": 55, ""3"": 46, ""4"": 11, ""?"": 1, ""R"": 8, ""W"": 12}"
sleep-cassette/SC4091E0-PSG.edf,sleep-cassette/SC4091EC-Hypnogram.edf,49833728,81960.0,7,EEG Fpz-Cz;EEG Pz-Oz;EOG horizontal;Resp oro-nasal;EMG submental;Temp rectal;Event marker,100;100;100;1;1;1;1,"{""1"": 10, ""2"": 54, ""3"": 39, ""4"": 9, ""?"": 1, ""M"": 10, ""R"": 17, ""W"": 8}"
sleep-cassette/SC4092E0-PSG.edf,sleep-cassette/SC4092EC-Hypnogram.edf,52131968,85740.0,7,EEG Fpz-Cz;EEG Pz-Oz;EOG horizontal;Resp oro-nasal;EMG submental;Temp rectal;Event marker,100;100;100;1;1;1;1,"{""1"": 30, ""2"": 37, ""3"": 13, ""4"": 4, ""?"": 2, ""M"": 12, ""R"": 12, ""W"": 7}"
sleep-cassette/SC4101E0-PSG.edf,sleep-cassette/SC4101EC-Hypnogram.edf,49614848,81600.0,7,EEG Fpz-Cz;EEG Pz-Oz;EOG horizontal;Resp oro-nasal;EMG submental;Temp rectal;Event marker,100;100;100;1;1;1;1,"{""1"": 15, ""2"": 22, ""3"": 6, ""?"": 1, ""M"": 1, ""R"": 4, ""W"": 14}"
sleep-cassette/SC4102E0-PSG.edf,sleep-cassette/SC4102EC-Hypnogram.edf,52131968,85740.0,7,EEG Fpz-Cz;EEG Pz-Oz;EOG horizontal;Resp oro-nasal;EMG submental;Temp rectal;Event marker,100;100;100;1;1;1;1,"{""1"": 41, ""2"": 50, ""3"": 10, ""?"": 1, ""M"": 1, ""R"": 3, ""W"": 12}"
sleep-cassette/SC4111E0-PSG.edf,sleep-cassette/SC4111EC-Hypnogram.edf,48192128,79260.0,7,EEG Fpz-Cz;EEG Pz-Oz;EOG horizontal;Resp oro-nasal;EMG submental;Temp rectal;Event marker,100;100;100;1;1;1;1,"{""1"": 5, ""2"": 50, ""3"": 49, ""4"": 8, ""?"": 1, ""M"": 1, ""R"": 6, ""W"": 6}"
sleep-cassette/SC4112E0-PSG.edf,sleep-cassette/SC4112EC-Hypnogram.edf,50709248,83400.0,7,EEG Fpz-Cz;EEG Pz-Oz;EOG horizontal;Resp oro-nasal;EMG submental;Temp rectal;Event marker,100;100;100;1;1;1;1,"{""1"": 11, ""2"": 45, ""3"": 42, ""4"": 13, ""?"": 1, ""R"": 7, ""W"": 7}"
sleep-cassette/SC4121E0-PSG.edf,sleep-cassette/SC4121EC-Hypnogram.edf,50818688,83580.0,7,EEG Fpz-Cz;EEG Pz-Oz;EOG horizontal;Resp oro-nasal;EMG submental;Temp rectal;Event marker,100;100;100;1;1;1;1,"{""1"": 33, ""2"": 38, ""3"": 20, ""4"": 9, ""?"": 4, ""R"": 8, ""W"": 19}"
sleep-cassette/SC4122E0-PSG.edf,sleep-cassette/SC4122EV-Hypnogram.edf,47535488,78180.0,7,EEG Fpz-Cz;EEG Pz-Oz;EOG horizontal;Resp oro-nasal;EMG submental;Temp rectal;Event marker,100;100;100;1;1;1;1,"{""1"": 38, ""2"": 36, ""3"": 25, ""4"": 14, ""?"": 1, ""R"": 5, ""W"": 31}"
sleep-cassette/SC4131E0-PSG.edf,sleep-cassette/SC4131EC-Hypnogram.edf,51329408,84420.0,7,EEG Fpz-Cz;EEG Pz-Oz;EOG horizontal;Resp oro-nasal;EMG submental;Temp rectal;Event marker,100;100;100;1;1;1;1,"{""1"": 25, ""2"": 37, ""3"": 31, ""4"": 22, ""?"": 1, ""R"": 12, ""W"": 19}"
sleep-cassette/SC4141E0-PSG.edf,sleep-cassette/SC4141EU-Hypnogram.edf,50271488,82680.0,7,EEG Fpz-Cz;EEG Pz-Oz;EOG horizontal;Resp oro-nasal;EMG submental;Temp rectal;Event marker,100;100;100;1;1;1;1,"{""1"": 16, ""2"": 30, ""3"": 30, ""4"": 18, ""?"": 1, ""R"": 7, ""W"": 20}"
sleep-cassette/SC4142E0-PSG.edf,sleep-cassette/SC4142EU-Hypnogram.edf,50599808,83220.0,7,EEG Fpz-Cz;EEG Pz-Oz;EOG horizontal;Resp oro-nasal;EMG submental;Temp rectal;Event marker,100;100;100;1;1;1;1,"{""1"": 18, ""2"": 30, ""3"": 29, ""4"": 21, ""?"": 1, ""R"": 8, ""W"": 17}"
sleep-cassette/SC4151E0-PSG.edf,sleep-cassette/SC4151EC-Hypnogram.edf,47790848,78600.0,7,EEG Fpz-Cz;EEG Pz-Oz;EOG horizontal;Resp oro-nasal;EMG submental;Temp rectal;Event marker,100;100;100;1;1;1;1,"{""1"": 12, ""2"": 28, ""3"": 30, ""4"": 12, ""?"": 1, ""M"": 4, ""R"": 4, ""W"": 8}"
sleep-cassette/SC4152E0-PSG.edf,sleep-cassette/SC4152EC-Hypnogram.edf,52241408,85920.0,7,EEG Fpz-Cz;EEG Pz-Oz;EOG horizontal;Resp oro-nasal;EMG submental;Temp rectal;Event marker,100;100;100;1;1;1;1,"{""1"": 8, ""2"": 28, ""3"": 32, ""4"": 17, ""?"": 1, ""M"": 5, ""R"": 8, ""W"": 8}"
sleep-cassette/SC4161E0-PSG.edf,sleep-cassette/SC4161EC-Hypnogram.edf,47900288,78780.0,7,EEG Fpz-Cz;EEG Pz-Oz;EOG horizontal;Resp oro-nasal;EMG submental;Temp rectal;Event marker,100;100;100;1;1;1;1,"{""1"": 21, ""2"": 40, ""3"": 45, ""4"": 21, ""?"": 1, ""M"": 4, ""R"": 8, ""W"": 15}"
sleep-cassette/SC4162E0-PSG.edf,sleep-cassette/SC4162EC-Hypnogram.edf,50198528,82560.0,7,EEG Fpz-Cz;EEG Pz-Oz;EOG horizontal;Resp oro-nasal;EMG submental;Temp rectal;Event marker,100;100;100;1;1;1;1,"{""1"": 15, ""2"": 47, ""3"": 42, ""4"": 14, ""?"": 1, ""M"": 2, ""R"": 6, ""W"": 8}"
sleep-cassette/SC4171E0-PSG.edf,sleep-cassette/SC4171EU-Hypnogram.edf,50016128,82260.0,7,EEG Fpz-Cz;EEG Pz-Oz;EOG horizontal;Resp oro-nasal;EMG submental;Temp rectal;Event marker,100;100;100;1;1;1;1,"{""1"": 15, ""2"": 53, ""3"": 64, ""4"": 17, ""?"": 1, ""M"": 1, ""R"": 10, ""W"": 22}"
sleep-cassette/SC4172E0-PSG.edf,sleep-cassette/SC4172EC-Hypnogram.edf,49687808,81720.0,7,EEG Fpz-Cz;EEG Pz-Oz;EOG horizontal;Resp oro-nasal;EMG submental;Temp rectal;Event marker,100;100;100;1;1;1;1,"{""1"": 14, ""2"": 71, ""3"": 56, ""4"": 14, ""?"": 1, ""M"": 3, ""R"": 17, ""W"": 13}"
sleep-cassette/SC4181E0-PSG.edf,sleep-cassette/SC4181EC-Hypnogram.edf,50271488,82680.0,7,EEG Fpz-Cz;EEG Pz-Oz;EOG horizontal;Resp oro-nasal;EMG submental;Temp rectal;Event marker,100;100;100;1;1;1;1,"{""1"": 13, ""2"": 55, ""3"": 61, ""4"": 17, ""?"": 1, ""R"": 4, ""W"": 10}"
sleep-cassette/SC4182E0-PSG.edf,sleep-cassette/SC4182EC-Hypnogram.edf,51840128,85260.0,7,EEG Fpz-Cz;EEG Pz-Oz;EOG horizontal;Resp oro-nasal;EMG submental;Temp rectal;Event marker,100;100;100;1;1;1;1,"{""1"": 20, ""2"": 31, ""3"": 26, ""4"": 12, ""?"": 1, ""R"": 9, ""W"": 9}"
sleep-cassette/SC4191E0-PSG.edf,sleep-cassette/SC4191EP-Hypnogram.edf,50599808,83220.0,7,EEG Fpz-Cz;EEG Pz-Oz;EOG horizontal;Resp oro-nasal;EMG submental;Temp rectal;Event marker,100;100;100;1;1;1;1,"{""1"": 45, ""2"": 54, ""3"": 25, ""4"": 14, ""?"": 1, ""R"": 18, ""W"": 21}"
sleep-cassette/SC4192E0-PSG.edf,sleep-cassette/SC4192EV-Hypnogram.edf,47608448,78300.0,7,EEG Fpz-Cz;EEG Pz-Oz;EOG horizontal;Resp oro-nasal;EMG submental;Temp rectal;Event marker,100;100;100;1;1;1;1,"{""1"": 24, ""2"": 36, ""3"": 16, ""4"": 1, ""?"": 1, ""M"": 4, ""R"": 12, ""W"": 34}"
sleep-cassette/SC4201E0-PSG.edf,sleep-cassette/SC4201EC-Hypnogram.edf,51147008,84120.0,7,EEG Fpz-Cz;EEG Pz-Oz;EOG horizontal;Resp oro-nasal;EMG submental;Temp rectal;Event marker,100;100;100;1;1;1;1,"{""1"": 15, ""2"": 15, ""3"": 3, ""?"": 1, ""M"": 1, ""R"": 6, ""W"": 15}"
sleep-cassette/SC4202E0-PSG.edf,sleep-cassette/SC4202EC-Hypnogram.edf,48702848,80100.0,7,EEG Fpz-Cz;EEG Pz-Oz;EOG horizontal;Resp oro-nasal;EMG submental;Temp rectal;Event marker,100;100;100;1;1;1;1,"{""1"": 18, ""2"": 11, ""?"": 1, ""R"": 5, ""W"": 12}"
sleep-cassette/SC4211E0-PSG.edf,sleep-cassette/SC4211EC-Hypnogram.edf,51256448,84300.0,7,EEG Fpz-Cz;EEG Pz-Oz;EOG horizontal;Resp oro-nasal;EMG submental;Temp rectal;Event marker,100;100;100;1;1;1;1,"{""1"": 18, ""2"": 44, ""3"": 28, ""?"": 1, ""M"": 5, ""R"": 5, ""W"": 17}"
sleep-cassette/SC4212E0-PSG.edf,sleep-cassette/SC4212EC-Hypnogram.edf,49140608,80820.0,7,EEG Fpz-Cz;EEG Pz-Oz;EOG horizontal;Resp oro-nasal;EMG submental;Temp rectal;Event marker,100;100;100;1;1;1;1,"{""1"": 14, ""2"": 30, ""3"": 20, ""?"": 1, ""R"": 2, ""W"": 9}"
sleep-cassette/SC4221E0-PSG.edf,sleep-cassette/SC4221EJ-Hypnogram.edf,49250048,81000.0,7,EEG Fpz-Cz;EEG Pz-Oz;EOG horizontal;Resp oro-nasal;EMG submental;Temp rectal;Event marker,100;100;100;1;1;1;1,"{""1"": 45, ""2"": 54, ""3"": 29, ""4"": 2, ""?"": 1, ""R"": 9, ""W"": 24}"
sleep-cassette/SC4222E0-PSG.edf,sleep-cassette/SC4222EC-Hypnogram.edf,50344448,82800.0,7,EEG Fpz-Cz;EEG Pz-Oz;EOG horizontal;Resp oro-nasal;EMG submental;Temp rectal;Event marker,100;100;100;1;1;1;1,"{""1"": 31, ""2"": 54, ""3"": 39, ""4"": 19, ""?"": 1, ""R"": 9, ""W"": 29}"
sleep-cassette/SC4231E0-PSG.edf,sleep-cassette/SC4231EJ-Hypnogram.edf,50089088,82380.0,7,EEG Fpz-Cz;EEG Pz-Oz;EOG horizontal;Resp oro-nasal;EMG submental;Temp rectal;Event marker,100;100;100;1;1;1;1,"{""1"": 40, ""2"": 39, ""3"": 10, ""?"": 1, ""M"": 3, ""R"": 11, ""W"": 8}"
sleep-cassette/SC4232E0-PSG.edf,sleep-cassette/SC4232EV-Hypnogram.edf,48155648,79200.0,7,EEG Fpz-Cz;EEG Pz-Oz;EOG horizontal;Resp oro-nasal;EMG submental;Temp rectal;Event marker,100;100;100;1;1;1;1,"{""1"": 57, ""2"": 42, ""3"": 1, ""?"": 1, ""M"": 5, ""R"": 16, ""W"": 26}"
sleep-cassette/SC4241E0-PSG.edf,sleep-cassette/SC4241EC-Hypnogram.edf,49286528,81060.0,7,EEG Fpz-Cz;EEG Pz-Oz;EOG horizontal;Resp oro-nasal;EMG submental;Temp rectal;Event marker,100;100;100;1;1;1;1,"{""1"": 19, ""2"": 31, ""3"": 17, ""?"": 1, ""M"": 2, ""R"": 3, ""W"": 14}"
sleep-cassette/SC4242E0-PSG.edf,sleep-cassette/SC4242EA-Hypnogram.edf,49432448,81300.0,7,EEG Fpz-Cz;EEG Pz-Oz;EOG horizontal;Resp oro-nasal;EMG submental;Temp rectal;Event marker,100;100;100;1;1;1;1,"{""1"": 46, ""2"": 27, ""3"": 2, ""?"": 1, ""R"": 15, ""W"": 27}"
sleep-cassette/SC4251E0-PSG.edf,sleep-cassette/SC4251EP-Hypnogram.edf,50344448,82800.0,7,EEG Fpz-Cz;EEG Pz-Oz;EOG horizontal;Resp oro-nasal;EMG submental;Temp rectal;Event marker,100;100;100;1;1;1;1,"{""1"": 19, ""2"": 34, ""3"": 15, ""?"": 1, ""R"": 8, ""W"": 5}"
sleep-cassette/SC4252E0-PSG.edf,sleep-cassette/SC4252EU-Hypnogram.edf,48629888,79980.0,7,EEG Fpz-Cz;EEG Pz-Oz;EOG horizontal;Resp oro-nasal;EMG submental;Temp rectal;Event marker,100;100;100;1;1;1;1,"{""1"": 48, ""2"": 49, ""3"": 21, ""4"": 5, ""?"": 1, ""M"": 1, ""R"": 3, ""W"": 26}"
sleep-cassette/SC4261F0-PSG.edf,sleep-cassette/SC4261FM-Hypnogram.edf,51074048,84000.0,7,EEG Fpz-Cz;EEG Pz-Oz;EOG horizontal;Resp oro-nasal;EMG submental;Temp rectal;Event marker,100;100;100;1;1;1;1,"{""1"": 63, ""2"": 40, ""3"": 21, ""4"": 5, ""?"": 1, ""R"": 16, ""W"": 48}"
sleep-cassette/SC4262F0-PSG.edf,sleep-cassette/SC4262FC-Hypnogram.edf,49614848,81600.0,7,EEG Fpz-Cz;EEG Pz-Oz;EOG horizontal;Resp oro-nasal;EMG submental;Temp rectal;Event marker,100;100;100;1;1;1;1,"{""1"": 17, ""2"": 30, ""3"": 19, ""4"": 3, ""?"": 1, ""R"": 7, ""W"": 19}"
sleep-cassette/SC4271F0-PSG.edf,sleep-cassette/SC4271FC-Hypnogram.edf,44507648,73200.0,7,EEG Fpz-Cz;EEG Pz-Oz;EOG horizontal;Resp oro-nasal;EMG submental;Temp rectal;Event marker,100;100;100;1;1;1;1,"{""1"": 12, ""2"": 48, ""3"": 50, ""4"": 16, ""?"": 1, ""R"": 3, ""W"": 10}"
sleep-cassette/SC4272F0-PSG.edf,sleep-cassette/SC4272FM-Hypnogram.edf,52350848,86100.0,7,EEG Fpz-Cz;EEG Pz-Oz;EOG horizontal;Resp oro-nasal;EMG submental;Temp rectal;Event marker,100;100;100;1;1;1;1,"{""1"": 40, ""2"": 49, ""3"": 29, ""4"": 8, ""?"": 1, ""R"": 16, ""W"": 26}"
sleep-cassette/SC4281G0-PSG.edf,sleep-cassette/SC4281GC-Hypnogram.edf,50855168,83640.0,7,EEG Fpz-Cz;EEG Pz-Oz;EOG horizontal;Resp oro-nasal;EMG submental;Temp rectal;Event marker,100;100;100;1;1;1;1,"{""1"": 15, ""2"": 25, ""3"": 36, ""4"": 23, ""?"": 1, ""R"": 4, ""W"": 16}"
sleep-cassette/SC4282G0-PSG.edf,sleep-cassette/SC4282GC-Hypnogram.edf,51329408,84420.0,7,EEG Fpz-Cz;EEG Pz-Oz;EOG horizontal;Resp oro-nasal;EMG submental;Temp rectal;Event marker,100;100;100;1;1;1;1,"{""1"": 14, ""2"": 23, ""3"": 24, ""4"": 10, ""?"": 1, ""R"": 3, ""W"": 15}"
sleep-cassette/SC4291G0-PSG.edf,sleep-cassette/SC4291GA-Hypnogram.edf,50271488,82680.0,7,EEG Fpz-Cz;EEG Pz-Oz;EOG horizontal;Resp oro-nasal;EMG submental;Temp rectal;Event marker,100;100;100;1;1;1;1,"{""1"": 101, ""2"": 65, ""3"": 29, ""4"": 19, ""?"": 1, ""R"": 34, ""W"": 52}"
sleep-cassette/SC4292G0-PSG.edf,sleep-cassette/SC4292GC-Hypnogram.edf,51256448,84300.0,7,EEG Fpz-Cz;EEG Pz-Oz;EOG horizontal;Resp oro-nasal;EMG submental;Temp rectal;Event marker,100;100;100;1;1;1;1,"{""1"": 26, ""2"": 32, ""3"": 25, ""4"": 16, ""?"": 1, ""M"": 3, ""R"": 14, ""W"": 28}"
sleep-cassette/SC4301E0-PSG.edf,sleep-cassette/SC4301EC-Hypnogram.edf,48265088,79380.0,7,EEG Fpz-Cz;EEG Pz-Oz;EOG horizontal;Resp oro-nasal;EMG submental;Temp rectal;Event marker,100;100;100;1;1;1;1,"{""1"": 31, ""2"": 45, ""3"": 20, ""?"": 1, ""M"": 2, ""R"": 7, ""W"": 20}"
sleep-cassette/SC4302E0-PSG.edf,sleep-cassette/SC4302EV-Hypnogram.edf,51219968,84240.0,7,EEG Fpz-Cz;EEG Pz-Oz;EOG horizontal;Resp oro-nasal;EMG submental;Temp rectal;Event marker,100;100;100;1;1;1;1,"{""1"": 30, ""2"": 42, ""3"": 19, ""?"": 1, ""R"": 8, ""W"": 11}"
sleep-cassette/SC4311E0-PSG.edf,sleep-cassette/SC4311EC-Hypnogram.edf,48702848,80100.0,7,EEG Fpz-Cz;EEG Pz-Oz;EOG horizontal;Resp oro-nasal;EMG submental;Temp rectal;Event marker,100;100;100;1;1;1;1,"{""1"": 23, ""2"": 39, ""3"": 37, ""4"": 14, ""?"": 1, ""R"": 4, ""W"": 22}"
sleep-cassette/SC4312E0-PSG.edf,sleep-cassette/SC4312EM-Hypnogram.edf,49250048,81000.0,7,EEG Fpz-Cz;EEG Pz-Oz;EOG horizontal;Resp oro-nasal;EMG submental;Temp rectal;Event marker,100;100;100;1;1;1;1,"{""1"": 63, ""2"": 48, ""3"": 37, ""4"": 14, ""?"": 1, ""R"": 35, ""W"": 54}"
sleep-cassette/SC4321E0-PSG.edf,sleep-cassette/SC4321EC-Hypnogram.edf,49067648,80700.0,7,EEG Fpz-Cz;EEG Pz-Oz;EOG horizontal;Resp oro-nasal;EMG submental;Temp rectal;Event marker,100;100;100;1;1;1;1,"{""1"": 16, ""2"": 14, ""?"": 1, ""M"": 1, ""R"": 10, ""W"": 14}"
sleep-cassette/SC4322E0-PSG.edf,sleep-cassette/SC4322EC-Hypnogram.edf,47717888,78480.0,7,EEG Fpz-Cz;EEG Pz-Oz;EOG horizontal;Resp oro-nasal;EMG submental;Temp rectal;Event marker,100;100;100;1;1;1;1,"{""1"": 54, ""2"": 33, ""3"": 1, ""?"": 1, ""R"": 16, ""W"": 29}"
sleep-cassette/SC4331F0-PSG.edf,sleep-cassette/SC4331FV-Hypnogram.edf,51256448,84300.0,7,EEG Fpz-Cz;EEG Pz-Oz;EOG horizontal;Resp oro-nasal;EMG submental;Temp rectal;Event marker,100;100;100;1;1;1;1,"{""1"": 48, ""2"": 27, ""?"": 1, ""M"": 1, ""R"": 9, ""W"": 36}"
sleep-cassette/SC4332F0-PSG.edf,sleep-cassette/SC4332FC-Hypnogram.edf,50344448,82800.0,7,EEG Fpz-Cz;EEG Pz-Oz;EOG horizontal;Resp oro-nasal;EMG submental;Temp rectal;Event marker,100;100;100;1;1;1;1,"{""1"": 44, ""2"": 27, ""?"": 1, ""M"": 2, ""R"": 9, ""W"": 32}"
sleep-cassette/SC4341F0-PSG.edf,sleep-cassette/SC4341FA-Hypnogram.edf,50162048,82500.0,7,EEG Fpz-Cz;EEG Pz-Oz;EOG horizontal;Resp oro-nasal;EMG submental;Temp rectal;Event marker,100;100;100;1;1;1;1,"{""1"": 19, ""2"": 12, ""?"": 1, ""R"": 8, ""W"": 10}"
sleep-cassette/SC4342F0-PSG.edf,sleep-cassette/SC4342FA-Hypnogram.edf,50891648,83700.0,7,EEG Fpz-Cz;EEG Pz-Oz;EOG horizontal;Resp oro-nasal;EMG submental;Temp rectal;Event marker,100;100;100;1;1;1;1,"{""1"": 41, ""2"": 21, ""?"": 1, ""R"": 18, ""W"": 10}"
sleep-cassette/SC4351F0-PSG.edf,sleep-cassette/SC4351FA-Hypnogram.edf,49432448,81300.0,7,EEG Fpz-Cz;EEG Pz-Oz;EOG horizontal;Resp oro-nasal;EMG submental;Temp rectal;Event marker,100;100;100;1;1;1;1,"{""1"": 24, ""2"": 61, ""3"": 45, ""?"": 1, ""R"": 7, ""W"": 15}"
sleep-cassette/SC4352F0-PSG.edf,sleep-cassette/SC4352FV-Hypnogram.edf,46185728,75960.0,7,EEG Fpz-Cz;EEG Pz-Oz;EOG horizontal;Resp oro-nasal;EMG submental;Temp rectal;Event marker,100;100;100;1;1;1;1,"{""1"": 16, ""2"": 56, ""3"": 46, ""4"": 5, ""?"": 1, ""M"": 2, ""R"": 4, ""W"": 20}"
sleep-cassette/SC4362F0-PSG.edf,sleep-cassette/SC4362FC-Hypnogram.edf,41333888,67980.0,7,EEG Fpz-Cz;EEG Pz-Oz;EOG horizontal;Resp oro-nasal;EMG submental;Temp rectal;Event marker,100;100;100;1;1;1;1,"{""1"": 12, ""2"": 37, ""3"": 23, ""?"": 1, ""R"": 5, ""W"": 9}"
sleep-cassette/SC4371F0-PSG.edf,sleep-cassette/SC4371FA-Hypnogram.edf,51986048,85500.0,7,EEG Fpz-Cz;EEG Pz-Oz;EOG horizontal;Resp oro-nasal;EMG submental;Temp rectal;Event marker,100;100;100;1;1;1;1,"{""1"": 39, ""2"": 45, ""3"": 10, ""?"": 1, ""R"": 1, ""W"": 7}"
sleep-cassette/SC4372F0-PSG.edf,sleep-cassette/SC4372FC-Hypnogram.edf,51803648,85200.0,7,EEG Fpz-Cz;EEG Pz-Oz;EOG horizontal;Resp oro-nasal;EMG submental;Temp rectal;Event marker,100;100;100;1;1;1;1,"{""1"": 18, ""2"": 14, ""3"": 5, ""?"": 1, ""R"": 3, ""W"": 18}"
sleep-cassette/SC4381F0-PSG.edf,sleep-cassette/SC4381FC-Hypnogram.edf,50162048,82500.0,7,EEG Fpz-Cz;EEG Pz-Oz;EOG horizontal;Resp oro-nasal;EMG submental;Temp rectal;Event marker,100;100;100;1;1;1;1,"{""1"": 14, ""2"": 25, ""3"": 13, ""?"": 1, ""R"": 6, ""W"": 11}"
sleep-cassette/SC4382F0-PSG.edf,sleep-cassette/SC4382FW-Hypnogram.edf,50526848,83100.0,7,EEG Fpz-Cz;EEG Pz-Oz;EOG horizontal;Resp oro-nasal;EMG submental;Temp rectal;Event marker,100;100;100;1;1;1;1,"{""1"": 30, ""2"": 33, ""3"": 14, ""4"": 1, ""?"": 1, ""R"": 9, ""W"": 17}"
sleep-cassette/SC4401E0-PSG.edf,sleep-cassette/SC4401EC-Hypnogram.edf,47973248,78900.0,7,EEG Fpz-Cz;EEG Pz-Oz;EOG horizontal;Resp oro-nasal;EMG submental;Temp rectal;Event marker,100;100;100;1;1;1;1,"{""1"": 34, ""2"": 18, ""3"": 3, ""?"": 1, ""R"": 4, ""W"": 32}"
sleep-cassette/SC4402E0-PSG.edf,sleep-cassette/SC4402EW-Hypnogram.edf,50891648,83700.0,7,EEG Fpz-Cz;EEG Pz-Oz;EOG horizontal;Resp oro-nasal;EMG submental;Temp rectal;Event marker,100;100;100;1;1;1;1,"{""1"": 40, ""2"": 48, ""3"": 36, ""4"": 5, ""?"": 1, ""R"": 9, ""W"": 27}"
sleep-cassette/SC4411E0-PSG.edf,sleep-cassette/SC4411EJ-Hypnogram.edf,49760768,81840.0,7,EEG Fpz-Cz;EEG Pz-Oz;EOG horizontal;Resp oro-nasal;EMG submental;Temp rectal;Event marker,100;100;100;1;1;1;1,"{""1"": 56, ""2"": 68, ""3"": 26, ""4"": 1, ""?"": 1, ""R"": 6, ""W"": 21}"
sleep-cassette/SC4412E0-PSG.edf,sleep-cassette/SC4412EM-Hypnogram.edf,52131968,85740.0,7,EEG Fpz-Cz;EEG Pz-Oz;EOG horizontal;Resp oro-nasal;EMG submental;Temp rectal;Event marker,100;100;100;1;1;1;1,"{""1"": 36, ""2"": 50, ""3"": 53, ""4"": 26, ""?"": 1, ""R"": 9, ""W"": 21}"
sleep-cassette/SC4421E0-PSG.edf,sleep-cassette/SC4421EA-Hypnogram.edf,50417408,82920.0,7,EEG Fpz-Cz;EEG Pz-Oz;EOG horizontal;Resp oro-nasal;EMG submental;Temp rectal;Event marker,100;100;100;1;1;1;1,"{""1"": 22, ""2"": 39, ""3"": 36, ""4"": 18, ""?"": 1, ""R"": 4, ""W"": 7}"
sleep-cassette/SC4422E0-PSG.edf,sleep-cassette/SC4422EA-Hypnogram.edf,48921728,80460.0,7,EEG Fpz-Cz;EEG Pz-Oz;EOG horizontal;Resp oro-nasal;EMG submental;Temp rectal;Event marker,100;100;100;1;1;1;1,"{""1"": 39, ""2"": 37, ""3"": 34, ""4"": 20, ""?"": 1, ""R"": 3, ""W"": 24}"
sleep-cassette/SC4431E0-PSG.edf,sleep-cassette/SC4431EM-Hypnogram.edf,51256448,84300.0,7,EEG Fpz-Cz;EEG Pz-Oz;EOG horizontal;Resp oro-nasal;EMG submental;Temp rectal;Event marker,100;100;100;1;1;1;1,"{""1"": 27, ""2"": 39, ""3"": 24, ""4"": 7, ""?"": 1, ""R"": 5, ""W"": 7}"
sleep-cassette/SC4432E0-PSG.edf,sleep-cassette/SC4432EM-Hypnogram.edf,50709248,83400.0,7,EEG Fpz-Cz;EEG Pz-Oz;EOG horizontal;Resp oro-nasal;EMG submental;Temp rectal;Event marker,100;100;100;1;1;1;1,"{""1"": 13, ""2"": 33, ""3"": 25, ""4"": 7, ""?"": 1, ""R"": 3, ""W"": 6}"
sleep-cassette/SC4441E0-PSG.edf,sleep-cassette/SC4441EC-Hypnogram.edf,47790848,78600.0,7,EEG Fpz-Cz;EEG Pz-Oz;EOG horizontal;Resp oro-nasal;EMG submental;Temp rectal;Event marker,100;100;100;1;1;1;1,"{""1"": 32, ""2"": 33, ""3"": 27, ""4"": 12, ""?"": 1, ""R"": 2, ""W"": 29}"
sleep-cassette/SC4442E0-PSG.edf,sleep-cassette/SC4442EV-Hypnogram.edf,50672768,83340.0,7,EEG Fpz-Cz;EEG Pz-Oz;EOG horizontal;Resp oro-nasal;EMG submental;Temp rectal;Event marker,100;100;100;1;1;1;1,"{""1"": 35, ""2"": 42, ""3"": 27, ""4"": 8, ""?"": 1, ""R"": 3, ""W"": 34}"
sleep-cassette/SC4451F0-PSG.edf,sleep-cassette/SC4451FY-Hypnogram.edf,50891648,83700.0,7,EEG Fpz-Cz;EEG Pz-Oz;EOG horizontal;Resp oro-nasal;EMG submental;Temp rectal;Event marker,100;100;100;1;1;1;1,"{""1"": 59, ""2"": 32, ""3"": 37, ""4"": 27, ""?"": 1, ""R"": 12, ""W"": 46}"
sleep-cassette/SC4452F0-PSG.edf,sleep-cassette/SC4452FW-Hypnogram.edf,48702848,80100.0,7,EEG Fpz-Cz;EEG Pz-Oz;EOG horizontal;Resp oro-nasal;EMG submental;Temp rectal;Event marker,100;100;100;1;1;1;1,"{""1"": 45, ""2"": 53, ""3"": 53, ""4"": 22, ""?"": 1, ""R"": 16, ""W"": 30}"
sleep-cassette/SC4461F0-PSG.edf,sleep-cassette/SC4461FA-Hypnogram.edf,49177088,80880.0,7,EEG Fpz-Cz;EEG Pz-Oz;EOG horizontal;Resp oro-nasal;EMG submental;Temp rectal;Event marker,100;100;100;1;1;1;1,"{""1"": 33, ""2"": 26, ""3"": 9, ""?"": 1, ""M"": 1, ""R"": 10, ""W"": 18}"
sleep-cassette/SC4462F0-PSG.edf,sleep-cassette/SC4462FJ-Hypnogram.edf,52095488,85680.0,7,EEG Fpz-Cz;EEG Pz-Oz;EOG horizontal;Resp oro-nasal;EMG submental;Temp rectal;Event marker,100;100;100;1;1;1;1,"{""1"": 35, ""2"": 41, ""3"": 17, ""?"": 1, ""M"": 2, ""R"": 10, ""W"": 10}"
sleep-cassette/SC4471F0-PSG.edf,sleep-cassette/SC4471FA-Hypnogram.edf,49979648,82200.0,7,EEG Fpz-Cz;EEG Pz-Oz;EOG horizontal;Resp oro-nasal;EMG submental;Temp rectal;Event marker,100;100;100;1;1;1;1,"{""1"": 48, ""2"": 80, ""3"": 62, ""4"": 26, ""?"": 1, ""M"": 1, ""R"": 10, ""W"": 19}"
sleep-cassette/SC4472F0-PSG.edf,sleep-cassette/SC4472FA-Hypnogram.edf,50891648,83700.0,7,EEG Fpz-Cz;EEG Pz-Oz;EOG horizontal;Resp oro-nasal;EMG submental;Temp rectal;Event marker,100;100;100;1;1;1;1,"{""1"": 68, ""2"": 60, ""3"": 36, ""4"": 14, ""?"": 1, ""M"": 1, ""R"": 9, ""W"": 42}"
sleep-cassette/SC4481F0-PSG.edf,sleep-cassette/SC4481FV-Hypnogram.edf,52533248,86400.0,7,EEG Fpz-Cz;EEG Pz-Oz;EOG horizontal;Resp oro-nasal;EMG submental;Temp rectal;Event marker,100;100;100;1;1;1;1,"{""1"": 65, ""2"": 50, ""3"": 33, ""4"": 6, ""R"": 11, ""W"": 53}"
sleep-cassette/SC4482F0-PSG.edf,sleep-cassette/SC4482FJ-Hypnogram.edf,52533248,86400.0,7,EEG Fpz-Cz;EEG Pz-Oz;EOG horizontal;Resp oro-nasal;EMG submental;Temp rectal;Event marker,100;100;100;1;1;1;1,"{""1"": 60, ""2"": 62, ""3"": 36, ""4"": 10, ""R"": 19, ""W"": 20}"
sleep-cassette/SC4491G0-PSG.edf,sleep-cassette/SC4491GJ-Hypnogram.edf,51074048,84000.0,7,EEG Fpz-Cz;EEG Pz-Oz;EOG horizontal;Resp oro-nasal;EMG submental;Temp rectal;Event marker,100;100;100;1;1;1;1,"{""1"": 52, ""2"": 41, ""3"": 12, ""?"": 1, ""R"": 13, ""W"": 30}"
sleep-cassette/SC4492G0-PSG.edf,sleep-cassette/SC4492GJ-Hypnogram.edf,38962688,64080.0,7,EEG Fpz-Cz;EEG Pz-Oz;EOG horizontal;Resp oro-nasal;EMG submental;Temp rectal;Event marker,100;100;100;1;1;1;1,"{""1"": 59, ""2"": 47, ""3"": 17, ""4"": 1, ""?"": 1, ""M"": 1, ""R"": 8, ""W"": 35}"
sleep-cassette/SC4501E0-PSG.edf,sleep-cassette/SC4501EW-Hypnogram.edf,50162048,82500.0,7,EEG Fpz-Cz;EEG Pz-Oz;EOG horizontal;Resp oro-nasal;EMG submental;Temp rectal;Event marker,100;100;100;1;1;1;1,"{""1"": 30, ""2"": 24, ""3"": 2, ""?"": 1, ""R"": 9, ""W"": 18}"
sleep-cassette/SC4502E0-PSG.edf,sleep-cassette/SC4502EM-Hypnogram.edf,50526848,83100.0,7,EEG Fpz-Cz;EEG Pz-Oz;EOG horizontal;Resp oro-nasal;EMG submental;Temp rectal;Event marker,100;100;100;1;1;1;1,"{""1"": 32, ""2"": 51, ""3"": 28, ""?"": 1, ""R"": 13, ""W"": 13}"
sleep-cassette/SC4511E0-PSG.edf,sleep-cassette/SC4511EJ-Hypnogram.edf,49468928,81360.0,7,EEG Fpz-Cz;EEG Pz-Oz;EOG horizontal;Resp oro-nasal;EMG submental;Temp rectal;Event marker,100;100;100;1;1;1;1,"{""1"": 40, ""2"": 22, ""3"": 3, ""?"": 1, ""R"": 6, ""W"": 23}"
sleep-cassette/SC4512E0-PSG.edf,sleep-cassette/SC4512EW-Hypnogram.edf,50162048,82500.0,7,EEG Fpz-Cz;EEG Pz-Oz;EOG horizontal;Resp oro-nasal;EMG submental;Temp rectal;Event marker,100;100;100;1;1;1;1,"{""1"": 35, ""2"": 21, ""3"": 2, ""?"": 1, ""R"": 11, ""W"": 32}"
sleep-cassette/SC4522E0-PSG.edf,sleep-cassette/SC4522EM-Hypnogram.edf,50599808,83220.0,7,EEG Fpz-Cz;EEG Pz-Oz;EOG horizontal;Resp oro-nasal;EMG submental;Temp rectal;Event marker,100;100;100;1;1;1;1,"{""1"": 19, ""2"": 19, ""3"": 7, ""?"": 1, ""R"": 5, ""W"": 17}"
sleep-cassette/SC4531E0-PSG.edf,sleep-cassette/SC4531EM-Hypnogram.edf,47462528,78060.0,7,EEG Fpz-Cz;EEG Pz-Oz;EOG horizontal;Resp oro-nasal;EMG submental;Temp rectal;Event marker,100;100;100;1;1;1;1,"{""1"": 49, ""2"": 80, ""3"": 42, ""4"": 1, ""?"": 1, ""R"": 10, ""W"": 23}"
sleep-cassette/SC4532E0-PSG.edf,sleep-cassette/SC4532EV-Hypnogram.edf,50052608,82320.0,7,EEG Fpz-Cz;EEG Pz-Oz;EOG horizontal;Resp oro-nasal;EMG submental;Temp rectal;Event marker,100;100;100;1;1;1;1,"{""1"": 38, ""2"": 37, ""3"": 13, ""?"": 1, ""R"": 14, ""W"": 16}"
sleep-cassette/SC4541F0-PSG.edf,sleep-cassette/SC4541FA-Hypnogram.edf,49979648,82200.0,7,EEG Fpz-Cz;EEG Pz-Oz;EOG horizontal;Resp oro-nasal;EMG submental;Temp rectal;Event marker,100;100;100;1;1;1;1,"{""1"": 76, ""2"": 60, ""3"": 5, ""?"": 1, ""M"": 1, ""R"": 9, ""W"": 30}"
sleep-cassette/SC4542F0-PSG.edf,sleep-cassette/SC4542FW-Hypnogram.edf,48885248,80400.0,7,EEG Fpz-Cz;EEG Pz-Oz;EOG horizontal;Resp oro-nasal;EMG submental;Temp rectal;Event marker,100;100;100;1;1;1;1,"{""1"": 89, ""2"": 76, ""3"": 22, ""4"": 1, ""?"": 1, ""R"": 15, ""W"": 43}"
sleep-cassette/SC4551F0-PSG.edf,sleep-cassette/SC4551FC-Hypnogram.edf,50563328,83160.0,7,EEG Fpz-Cz;EEG Pz-Oz;EOG horizontal;Resp oro-nasal;EMG submental;Temp rectal;Event marker,100;100;100;1;1;1;1,"{""1"": 27, ""2"": 32, ""3"": 20, ""?"": 1, ""R"": 7, ""W"": 24}"
sleep-cassette/SC4552F0-PSG.edf,sleep-cassette/SC4552FW-Hypnogram.edf,51256448,84300.0,7,EEG Fpz-Cz;EEG Pz-Oz;EOG horizontal;Resp oro-nasal;EMG submental;Temp rectal;Event marker,100;100;100;1;1;1;1,"{""1"": 32, ""2"": 22, ""3"": 1, ""?"": 1, ""R"": 10, ""W"": 19}"
sleep-cassette/SC4561F0-PSG.edf,sleep-cassette/SC4561FJ-Hypnogram.edf,49323008,81120.0,7,EEG Fpz-Cz;EEG Pz-Oz;EOG horizontal;Resp oro-nasal;EMG submental;Temp rectal;Event marker,100;100;100;1;1;1;1,"{""1"": 69, ""2"": 43, ""3"": 19, ""4"": 1, ""?"": 1, ""M"": 2, ""R"": 10, ""W"": 42}"
sleep-cassette/SC4562F0-PSG.edf,sleep-cassette/SC4562FJ-Hypnogram.edf,51074048,84000.0,7,EEG Fpz-Cz;EEG Pz-Oz;EOG horizontal;Resp oro-nasal;EMG submental;Temp rectal;Event marker,100;100;100;1;1;1;1,"{""1"": 63, ""2"": 41, ""3"": 16, ""?"": 1, ""R"": 17, ""W"": 35}"
sleep-cassette/SC4571F0-PSG.edf,sleep-cassette/SC4571FV-Hypnogram.edf,51986048,85500.0,7,EEG Fpz-Cz;EEG Pz-Oz;EOG horizontal;Resp oro-nasal;EMG submental;Temp rectal;Event marker,100;100;100;1;1;1;1,"{""1"": 79, ""2"": 59, ""?"": 2, ""R"": 14, ""W"": 59}"
sleep-cassette/SC4572F0-PSG.edf,sleep-cassette/SC4572FC-Hypnogram.edf,52533248,86400.0,7,EEG Fpz-Cz;EEG Pz-Oz;EOG horizontal;Resp oro-nasal;EMG submental;Temp rectal;Event marker,100;100;100;1;1;1;1,"{""1"": 36, ""2"": 48, ""3"": 13, ""M"": 7, ""R"": 7, ""W"": 20}"
sleep-cassette/SC4581G0-PSG.edf,sleep-cassette/SC4581GM-Hypnogram.edf,49943168,82140.0,7,EEG Fpz-Cz;EEG Pz-Oz;EOG horizontal;Resp oro-nasal;EMG submental;Temp rectal;Event marker,100;100;100;1;1;1;1,"{""1"": 67, ""2"": 52, ""3"": 8, ""?"": 1, ""R"": 9, ""W"": 25}"
sleep-cassette/SC4582G0-PSG.edf,sleep-cassette/SC4582GP-Hypnogram.edf,48046208,79020.0,7,EEG Fpz-Cz;EEG Pz-Oz;EOG horizontal;Resp oro-nasal;EMG submental;Temp rectal;Event marker,100;100;100;1;1;1;1,"{""1"": 71, ""2"": 49, ""3"": 5, ""?"": 1, ""R"": 18, ""W"": 37}"
sleep-cassette/SC4591G0-PSG.edf,sleep-cassette/SC4591GY-Hypnogram.edf,51438848,84600.0,7,EEG Fpz-Cz;EEG Pz-Oz;EOG horizontal;Resp oro-nasal;EMG submental;Temp rectal;Event marker,100;100;100;1;1;1;1,"{""1"": 62, ""2"": 53, ""3"": 21, ""?"": 1, ""M"": 1, ""R"": 14, ""W"": 44}"
sleep-cassette/SC4592G0-PSG.edf,sleep-cassette/SC4592GY-Hypnogram.edf,37211648,61200.0,7,EEG Fpz-Cz;EEG Pz-Oz;EOG horizontal;Resp oro-nasal;EMG submental;Temp rectal;Event marker,100;100;100;1;1;1;1,"{""1"": 86, ""2"": 61, ""3"": 32, ""4"": 8, ""?"": 1, ""R"": 19, ""W"": 67}"
sleep-cassette/SC4601E0-PSG.edf,sleep-cassette/SC4601EC-Hypnogram.edf,49797248,81900.0,7,EEG Fpz-Cz;EEG Pz-Oz;EOG horizontal;Resp oro-nasal;EMG submental;Temp rectal;Event marker,100;100;100;1;1;1;1,"{""1"": 17, ""2"": 58, ""3"": 73, ""4"": 31, ""?"": 1, ""R"": 7, ""W"": 17}"
sleep-cassette/SC4602E0-PSG.edf,sleep-cassette/SC4602EJ-Hypnogram.edf,51074048,84000.0,7,EEG Fpz-Cz;EEG Pz-Oz;EOG horizontal;Resp oro-nasal;EMG submental;Temp rectal;Event marker,100;100;100;1;1;1;1,"{""1"": 44, ""2"": 70, ""3"": 70, ""4"": 20, ""?"": 1, ""R"": 12, ""W"": 28}"
sleep-cassette/SC4611E0-PSG.edf,sleep-cassette/SC4611EG-Hypnogram.edf,48338048,79500.0,7,EEG Fpz-Cz;EEG Pz-Oz;EOG horizontal;Resp oro-nasal;EMG submental;Temp rectal;Event marker,100;100;100;1;1;1;1,"{""1"": 37, ""2"": 79, ""3"": 61, ""4"": 18, ""?"": 4, ""R"": 35, ""W"": 19}"
sleep-cassette/SC4612E0-PSG.edf,sleep-cassette/SC4612EA-Hypnogram.edf,49797248,81900.0,7,EEG Fpz-Cz;EEG Pz-Oz;EOG horizontal;Resp oro-nasal;EMG submental;Temp rectal;Event marker,100;100;100;1;1;1;1,"{""1"": 35, ""2"": 55, ""3"": 36, ""4"": 1, ""?"": 1, ""R"": 6, ""W"": 19}"
sleep-cassette/SC4621E0-PSG.edf,sleep-cassette/SC4621EV-Hypnogram.edf,47644928,78360.0,7,EEG Fpz-Cz;EEG Pz-Oz;EOG horizontal;Resp oro-nasal;EMG submental;Temp rectal;Event marker,100;100;100;1;1;1;1,"{""1"": 64, ""2"": 60, ""3"": 11, ""?"": 1, ""R"": 8, ""W"": 46}"
sleep-cassette/SC4622E0-PSG.edf,sleep-cassette/SC4622EJ-Hypnogram.edf,52095488,85680.0,7,EEG Fpz-Cz;EEG Pz-Oz;EOG horizontal;Resp oro-nasal;EMG submental;Temp rectal;Event marker,100;100;100;1;1;1;1,"{""1"": 85, ""2"": 46, ""3"": 4, ""?"": 1, ""R"": 16, ""W"": 44}"
sleep-cassette/SC4631E0-PSG.edf,sleep-cassette/SC4631EM-Hypnogram.edf,50307968,82740.0,7,EEG Fpz-Cz;EEG Pz-Oz;EOG horizontal;Resp oro-nasal;EMG submental;Temp rectal;Event marker,100;100;100;1;1;1;1,"{""1"": 54, ""2"": 50, ""3"": 17, ""?"": 1, ""R"": 6, ""W"": 30}"
sleep-cassette/SC4632E0-PSG.edf,sleep-cassette/SC4632EA-Hypnogram.edf,51949568,85440.0,7,EEG Fpz-Cz;EEG Pz-Oz;EOG horizontal;Resp oro-nasal;EMG submental;Temp rectal;Event marker,100;100;100;1;1;1;1,"{""1"": 59, ""2"": 54, ""3"": 18, ""?"": 1, ""R"": 3, ""W"": 32}"
sleep-cassette/SC4641E0-PSG.edf,sleep-cassette/SC4641EP-Hypnogram.edf,48885248,80400.0,7,EEG Fpz-Cz;EEG Pz-Oz;EOG horizontal;Resp oro-nasal;EMG submental;Temp rectal;Event marker,100;100;100;1;1;1;1,"{""1"": 38, ""2"": 24, ""?"": 1, ""R"": 6, ""W"": 19}"
sleep-cassette/SC4642E0-PSG.edf,sleep-cassette/SC4642EP-Hypnogram.edf,50891648,83700.0,7,EEG Fpz-Cz;EEG Pz-Oz;EOG horizontal;Resp oro-nasal;EMG submental;Temp rectal;Event marker,100;100;100;1;1;1;1,"{""1"": 41, ""2"": 28, ""?"": 1, ""R"": 3, ""W"": 17}"
sleep-cassette/SC4651E0-PSG.edf,sleep-cassette/SC4651EP-Hypnogram.edf,52168448,85800.0,7,EEG Fpz-Cz;EEG Pz-Oz;EOG horizontal;Resp oro-nasal;EMG submental;Temp rectal;Event marker,100;100;100;1;1;1;1,"{""1"": 40, ""2"": 102, ""3"": 54, ""4"": 10, ""?"": 1, ""R"": 12, ""W"": 32}"
sleep-cassette/SC4652E0-PSG.edf,sleep-cassette/SC4652EG-Hypnogram.edf,51803648,85200.0,7,EEG Fpz-Cz;EEG Pz-Oz;EOG horizontal;Resp oro-nasal;EMG submental;Temp rectal;Event marker,100;100;100;1;1;1;1,"{""1"": 103, ""2"": 125, ""3"": 77, ""4"": 21, ""?"": 2, ""M"": 1, ""R"": 24, ""W"": 48}"
sleep-cassette/SC4661E0-PSG.edf,sleep-cassette/SC4661EJ-Hypnogram.edf,49979648,82200.0,7,EEG Fpz-Cz;EEG Pz-Oz;EOG horizontal;Resp oro-nasal;EMG submental;Temp rectal;Event marker,100;100;100;1;1;1;1,"{""1"": 77, ""2"": 50, ""3"": 22, ""?"": 2, ""R"": 6, ""W"": 51}"
sleep-cassette/SC4662E0-PSG.edf,sleep-cassette/SC4662EJ-Hypnogram.edf,51438848,84600.0,7,EEG Fpz-Cz;EEG Pz-Oz;EOG horizontal;Resp oro-nasal;EMG submental;Temp rectal;Event marker,100;100;100;1;1;1;1,"{""1"": 60, ""2"": 45, ""3"": 29, ""4"": 4, ""?"": 1, ""R"": 14, ""W"": 38}"
sleep-cassette/SC4671G0-PSG.edf,sleep-cassette/SC4671GJ-Hypnogram.edf,50709248,83400.0,7,EEG Fpz-Cz;EEG Pz-Oz;EOG horizontal;Resp oro-nasal;EMG submental;Temp rectal;Event marker,100;100;100;1;1;1;1,"{""1"": 89, ""2"": 62, ""3"": 11, ""?"": 1, ""R"": 9, ""W"": 57}"
sleep-cassette/SC4672G0-PSG.edf,sleep-cassette/SC4672GV-Hypnogram.edf,47061248,77400.0,7,EEG Fpz-Cz;EEG Pz-Oz;EOG horizontal;Resp oro-nasal;EMG submental;Temp rectal;Event marker,100;100;100;1;1;1;1,"{""1"": 34, ""2"": 29, ""3"": 13, ""4"": 1, ""?"": 1, ""R"": 5, ""W"": 32}"
sleep-cassette/SC4701E0-PSG.edf,sleep-cassette/SC4701EC-Hypnogram.edf,48885248,80400.0,7,EEG Fpz-Cz;EEG Pz-Oz;EOG horizontal;Resp oro-nasal;EMG submental;Temp rectal;Event marker,100;100;100;1;1;1;1,"{""1"": 23, ""2"": 37, ""3"": 24, ""?"": 1, ""M"": 1, ""R"": 4, ""W"": 20}"
sleep-cassette/SC4702E0-PSG.edf,sleep-cassette/SC4702EA-Hypnogram.edf,47863808,78720.0,7,EEG Fpz-Cz;EEG Pz-Oz;EOG horizontal;Resp oro-nasal;EMG submental;Temp rectal;Event marker,100;100;100;1;1;1;1,"{""1"": 43, ""2"": 40, ""3"": 19, ""?"": 1, ""R"": 5, ""W"": 25}"
sleep-cassette/SC4711E0-PSG.edf,sleep-cassette/SC4711EC-Hypnogram.edf,49797248,81900.0,7,EEG Fpz-Cz;EEG Pz-Oz;EOG horizontal;Resp oro-nasal;EMG submental;Temp rectal;Event marker,100;100;100;1;1;1;1,"{""1"": 41, ""2"": 34, ""3"": 4, ""?"": 1, ""R"": 11, ""W"": 37}"
sleep-cassette/SC4712E0-PSG.edf,sleep-cassette/SC4712EA-Hypnogram.edf,51438848,84600.0,7,EEG Fpz-Cz;EEG Pz-Oz;EOG horizontal;Resp oro-nasal;EMG submental;Temp rectal;Event marker,100;100;100;1;1;1;1,"{""1"": 69, ""2"": 31, ""?"": 1, ""R"": 17, ""W"": 39}"
sleep-cassette/SC4721E0-PSG.edf,sleep-cassette/SC4721EC-Hypnogram.edf,42720128,70260.0,7,EEG Fpz-Cz;EEG Pz-Oz;EOG horizontal;Resp oro-nasal;EMG submental;Temp rectal;Event marker,100;100;100;1;1;1;1,"{""1"": 30, ""2"": 12, ""?"": 1, ""R"": 4, ""W"": 30}"
sleep-cassette/SC4722E0-PSG.edf,sleep-cassette/SC4722EM-Hypnogram.edf,50089088,82380.0,7,EEG Fpz-Cz;EEG Pz-Oz;EOG horizontal;Resp oro-nasal;EMG submental;Temp rectal;Event marker,100;100;100;1;1;1;1,"{""1"": 67, ""2"": 40, ""?"": 1, ""R"": 7, ""W"": 39}"
sleep-cassette/SC4731E0-PSG.edf,sleep-cassette/SC4731EM-Hypnogram.edf,50709248,83400.0,7,EEG Fpz-Cz;EEG Pz-Oz;EOG horizontal;Resp oro-nasal;EMG submental;Temp rectal;Event marker,100;100;100;1;1;1;1,"{""1"": 60, ""2"": 30, ""?"": 1, ""R"": 7, ""W"": 35}"
sleep-cassette/SC4732E0-PSG.edf,sleep-cassette/SC4732EJ-Hypnogram.edf,45966848,75600.0,7,EEG Fpz-Cz;EEG Pz-Oz;EOG horizontal;Resp oro-nasal;EMG submental;Temp rectal;Event marker,100;100;100;1;1;1;1,"{""1"": 101, ""2"": 33, ""?"": 1, ""M"": 1, ""R"": 8, ""W"": 74}"
sleep-cassette/SC4741E0-PSG.edf,sleep-cassette/SC4741EA-Hypnogram.edf,49067648,80700.0,7,EEG Fpz-Cz;EEG Pz-Oz;EOG horizontal;Resp oro-nasal;EMG submental;Temp rectal;Event marker,100;100;100;1;1;1;1,"{""1"": 37, ""2"": 25, ""?"": 1, ""M"": 1, ""R"": 9, ""W"": 18}"
sleep-cassette/SC4742E0-PSG.edf,sleep-cassette/SC4742EC-Hypnogram.edf,48338048,79500.0,7,EEG Fpz-Cz;EEG Pz-Oz;EOG horizontal;Resp oro-nasal;EMG submental;Temp rectal;Event marker,100;100;100;1;1;1;1,"{""1"": 34, ""2"": 18, ""?"": 1, ""R"": 8, ""W"": 25}"
sleep-cassette/SC4751E0-PSG.edf,sleep-cassette/SC4751EC-Hypnogram.edf,48885248,80400.0,7,EEG Fpz-Cz;EEG Pz-Oz;EOG horizontal;Resp oro-nasal;EMG submental;Temp rectal;Event marker,100;100;100;1;1;1;1,"{""1"": 20, ""2"": 14, ""?"": 1, ""R"": 2, ""W"": 21}"
sleep-cassette/SC4752E0-PSG.edf,sleep-cassette/SC4752EM-Hypnogram.edf,45054848,74100.0,7,EEG Fpz-Cz;EEG Pz-Oz;EOG horizontal;Resp oro-nasal;EMG submental;Temp rectal;Event marker,100;100;100;1;1;1;1,"{""1"": 47, ""2"": 44, ""3"": 15, ""?"": 1, ""R"": 7, ""W"": 24}"
sleep-cassette/SC4761E0-PSG.edf,sleep-cassette/SC4761EP-Hypnogram.edf,47973248,78900.0,7,EEG Fpz-Cz;EEG Pz-Oz;EOG horizontal;Resp oro-nasal;EMG submental;Temp rectal;Event marker,100;100;100;1;1;1;1,"{""1"": 47, ""2"": 39, ""3"": 12, ""?"": 3, ""R"": 8, ""W"": 28}"
sleep-cassette/SC4762E0-PSG.edf,sleep-cassette/SC4762EG-Hypnogram.edf,51256448,84300.0,7,EEG Fpz-Cz;EEG Pz-Oz;EOG horizontal;Resp oro-nasal;EMG submental;Temp rectal;Event marker,100;100;100;1;1;1;1,"{""1"": 83, ""2"": 54, ""?"": 13, ""M"": 14, ""R"": 57, ""W"": 33}"
sleep-cassette/SC4771G0-PSG.edf,sleep-cassette/SC4771GC-Hypnogram.edf,50271488,82680.0,7,EEG Fpz-Cz;EEG Pz-Oz;EOG horizontal;Resp oro-nasal;EMG submental;Temp rectal;Event marker,100;100;100;1;1;1;1,"{""1"": 54, ""2"": 20, ""3"": 5, ""?"": 1, ""R"": 12, ""W"": 44}"
sleep-cassette/SC4772G0-PSG.edf,sleep-cassette/SC4772GC-Hypnogram.edf,40896128,67260.0,7,EEG Fpz-Cz;EEG Pz-Oz;EOG horizontal;Resp oro-nasal;EMG submental;Temp rectal;Event marker,100;100;100;1;1;1;1,"{""1"": 30, ""2"": 35, ""3"": 27, ""4"": 6, ""?"": 1, ""R"": 6, ""W"": 30}"
sleep-cassette/SC4801G0-PSG.edf,sleep-cassette/SC4801GC-Hypnogram.edf,50599808,83220.0,7,EEG Fpz-Cz;EEG Pz-Oz;EOG horizontal;Resp oro-nasal;EMG submental;Temp rectal;Event marker,100;100;100;1;1;1;1,"{""1"": 56, ""2"": 28, ""3"": 10, ""?"": 1, ""R"": 15, ""W"": 55}"
sleep-cassette/SC4802G0-PSG.edf,sleep-cassette/SC4802GV-Hypnogram.edf,51256448,84300.0,7,EEG Fpz-Cz;EEG Pz-Oz;EOG horizontal;Resp oro-nasal;EMG submental;Temp rectal;Event marker,100;100;100;1;1;1;1,"{""1"": 56, ""2"": 38, ""3"": 4, ""?"": 1, ""R"": 13, ""W"": 46}"
sleep-cassette/SC4811G0-PSG.edf,sleep-cassette/SC4811GG-Hypnogram.edf,43814528,72060.0,7,EEG Fpz-Cz;EEG Pz-Oz;EOG horizontal;Resp oro-nasal;EMG submental;Temp rectal;Event marker,100;100;100;1;1;1;1,"{""1"": 55, ""2"": 58, ""3"": 43, ""4"": 14, ""?"": 1, ""R"": 20, ""W"": 34}"
sleep-cassette/SC4812G0-PSG.edf,sleep-cassette/SC4812GV-Hypnogram.edf,44069888,72480.0,7,EEG Fpz-Cz;EEG Pz-Oz;EOG horizontal;Resp oro-nasal;EMG submental;Temp rectal;Event marker,100;100;100;1;1;1;1,"{""1"": 37, ""2"": 35, ""3"": 27, ""4"": 10, ""?"": 1, ""M"": 2, ""R"": 12, ""W"": 29}"
sleep-cassette/SC4821G0-PSG.edf,sleep-cassette/SC4821GC-Hypnogram.edf,49651328,81660.0,7,EEG Fpz-Cz;EEG Pz-Oz;EOG horizontal;Resp oro-nasal;EMG submental;Temp rectal;Event marker,100;100;100;1;1;1;1,"{""1"": 20, ""2"": 34, ""3"": 40, ""4"": 27, ""?"": 1, ""M"": 1, ""R"": 6, ""W"": 25}"
sleep-cassette/SC4822G0-PSG.edf,sleep-cassette/SC4822GC-Hypnogram.edf,51256448,84300.0,7,EEG Fpz-Cz;EEG Pz-Oz;EOG horizontal;Resp oro-nasal;EMG submental;Temp rectal;Event marker,100;100;100;1;1;1;1,"{""1"": 36, ""2"": 36, ""3"": 36, ""4"": 18, ""?"": 1, ""R"": 6, ""W"": 33}"
sleep-telemetry/ST7011J0-PSG.edf,sleep-telemetry/ST7011JP-Hypnogram.edf,29439536,35900.0,5,EEG Fpz-Cz;EEG Pz-Oz;EOG horizontal;EMG submental;Marker,100;100;100;100;10,"{""1"": 52, ""2"": 82, ""3"": 51, ""4"": 10, ""R"": 10, ""W"": 26}"
sleep-telemetry/ST7012J0-PSG.edf,sleep-telemetry/ST7012JP-Hypnogram.edf,25683936,31320.0,5,EEG Fpz-Cz;EEG Pz-Oz;EOG horizontal;EMG submental;Marker,100;100;100;100;10,"{""1"": 30, ""2"": 64, ""3"": 47, ""4"": 4, ""R"": 15, ""W"": 13}"
sleep-telemetry/ST7021J0-PSG.edf,sleep-telemetry/ST7021JM-Hypnogram.edf,25093536,30600.0,5,EEG Fpz-Cz;EEG Pz-Oz;EOG horizontal;EMG submental;Marker,100;100;100;100;10,"{""1"": 26, ""2"": 39, ""3"": 24, ""4"": 10, ""R"": 12, ""W"": 24}"
sleep-telemetry/ST7022J0-PSG.edf,sleep-telemetry/ST7022JM-Hypnogram.edf,25224736,30760.0,5,EEG Fpz-Cz;EEG Pz-Oz;EOG horizontal;EMG submental;Marker,100;100;100;100;10,"{""1"": 30, ""2"": 52, ""3"": 29, ""4"": 5, ""R"": 10, ""W"": 22}"
sleep-telemetry/ST7041J0-PSG.edf,sleep-telemetry/ST7041JO-Hypnogram.edf,25552736,31160.0,5,EEG Fpz-Cz;EEG Pz-Oz;EOG horizontal;EMG submental;Marker,100;100;100;100;10,"{""1"": 27, ""2"": 30, ""3"": 34, ""4"": 24, ""M"": 1, ""R"": 7, ""W"": 19}"
sleep-telemetry/ST7042J0-PSG.edf,sleep-telemetry/ST7042JO-Hypnogram.edf,28463736,34710.0,5,EEG Fpz-Cz;EEG Pz-Oz;EOG horizontal;EMG submental;Marker,100;100;100;100;10,"{""1"": 27, ""2"": 38, ""3"": 33, ""4"": 18, ""M"": 1, ""R"": 4, ""W"": 17}"
sleep-telemetry/ST7051J0-PSG.edf,sleep-telemetry/ST7051JA-Hypnogram.edf,26405536,32200.0,5,EEG Fpz-Cz;EEG Pz-Oz;EOG horizontal;EMG submental;Marker,100;100;100;100;10,"{""1"": 50, ""2"": 48, ""3"": 29, ""4"": 17, ""R"": 23, ""W"": 17}"
sleep-telemetry/ST7052J0-PSG.edf,sleep-telemetry/ST7052JA-Hypnogram.edf,26922136,32830.0,5,EEG Fpz-Cz;EEG Pz-Oz;EOG horizontal;EMG submental;Marker,100;100;100;100;10,"{""1"": 38, ""2"": 25, ""3"": 11, ""4"": 7, ""R"": 8, ""W"": 27}"
sleep-telemetry/ST7061J0-PSG.edf,sleep-telemetry/ST7061JR-Hypnogram.edf,26708936,32570.0,5,EEG Fpz-Cz;EEG Pz-Oz;EOG horizontal;EMG submental;Marker,100;100;100;100;10,"{""1"": 28, ""2"": 32, ""3"": 8, ""R"": 8, ""W"": 7}"
sleep-telemetry/ST7062J0-PSG.edf,sleep-telemetry/ST7062JR-Hypnogram.edf,26881136,32780.0,5,EEG Fpz-Cz;EEG Pz-Oz;EOG horizontal;EMG submental;Marker,100;100;100;100;10,"{""1"": 20, ""2"": 33, ""3"": 19, ""R"": 14, ""W"": 6}"
sleep-telemetry/ST7071J0-PSG.edf,sleep-telemetry/ST7071JA-Hypnogram.edf,22518736,27460.0,5,EEG Fpz-Cz;EEG Pz-Oz;EOG horizontal;EMG submental;Marker,100;100;100;100;10,"{""1"": 39, ""2"": 40, ""3"": 19, ""4"": 6, ""R"": 12, ""W"": 23}"
sleep-telemetry/ST7072J0-PSG.edf,sleep-telemetry/ST7072JA-Hypnogram.edf,22518736,27460.0,5,EEG Fpz-Cz;EEG Pz-Oz;EOG horizontal;EMG submental;Marker,100;100;100;100;10,"{""1"": 31, ""2"": 44, ""3"": 33, ""4"": 15, ""R"": 24, ""W"": 14}"
sleep-telemetry/ST7081J0-PSG.edf,sleep-telemetry/ST7081JW-Hypnogram.edf,23781536,29000.0,5,EEG Fpz-Cz;EEG Pz-Oz;EOG horizontal;EMG submental;Marker,100;100;100;100;10,"{""1"": 36, ""2"": 58, ""3"": 40, ""R"": 3, ""W"": 23}"
sleep-telemetry/ST7082J0-PSG.edf,sleep-telemetry/ST7082JW-Hypnogram.edf,23396136,28530.0,5,EEG Fpz-Cz;EEG Pz-Oz;EOG horizontal;EMG submental;Marker,100;100;100;100;10,"{""1"": 33, ""2"": 44, ""3"": 29, ""R"": 4, ""W"": 19}"
sleep-telemetry/ST7091J0-PSG.edf,sleep-telemetry/ST7091JE-Hypnogram.edf,24486736,29860.0,5,EEG Fpz-Cz;EEG Pz-Oz;EOG horizontal;EMG submental;Marker,100;100;100;100;10,"{""1"": 36, ""2"": 45, ""3"": 25, ""R"": 5, ""W"": 23}"
sleep-telemetry/ST7092J0-PSG.edf,sleep-telemetry/ST7092JE-Hypnogram.edf,23674936,28870.0,5,EEG Fpz-Cz;EEG Pz-Oz;EOG horizontal;EMG submental;Marker,100;100;100;100;10,"{""1"": 59, ""2"": 52, ""3"": 26, ""R"": 6, ""W"": 47}"
sleep-telemetry/ST7101J0-PSG.edf,sleep-telemetry/ST7101JE-Hypnogram.edf,27028736,32960.0,5,EEG Fpz-Cz;EEG Pz-Oz;EOG horizontal;EMG submental;Marker,100;100;100;100;10,"{""1"": 20, ""2"": 57, ""3"": 53, ""4"": 8, ""M"": 6, ""R"": 8, ""W"": 9}"
sleep-telemetry/ST7102J0-PSG.edf,sleep-telemetry/ST7102JE-Hypnogram.edf,24453936,29820.0,5,EEG Fpz-Cz;EEG Pz-Oz;EOG horizontal;EMG submental;Marker,100;100;100;100;10,"{""1"": 8, ""2"": 27, ""3"": 35, ""4"": 16, ""M"": 5, ""R"": 5, ""W"": 5}"
sleep-telemetry/ST7111J0-PSG.edf,sleep-telemetry/ST7111JE-Hypnogram.edf,25749536,31400.0,5,EEG Fpz-Cz;EEG Pz-Oz;EOG horizontal;EMG submental;Marker,100;100;100;100;10,"{""1"": 17, ""2"": 24, ""3"": 15, ""4"": 5, ""M"": 6, ""R"": 5, ""W"": 11}"
sleep-telemetry/ST7112J0-PSG.edf,sleep-telemetry/ST7112JE-Hypnogram.edf,25150936,30670.0,5,EEG Fpz-Cz;EEG Pz-Oz;EOG horizontal;EMG submental;Marker,100;100;100;100;10,"{""1"": 22, ""2"": 33, ""3"": 26, ""4"": 11, ""M"": 8, ""R"": 6, ""W"": 7}"
sleep-telemetry/ST7121J0-PSG.edf,sleep-telemetry/ST7121JE-Hypnogram.edf,25585536,31200.0,5,EEG Fpz-Cz;EEG Pz-Oz;EOG horizontal;EMG submental;Marker,100;100;100;100;10,"{""1"": 18, ""2"": 57, ""3"": 59, ""4"": 18, ""M"": 9, ""R"": 5, ""W"": 6}"
sleep-telemetry/ST7122J0-PSG.edf,sleep-telemetry/ST7122JE-Hypnogram.edf,24888536,30350.0,5,EEG Fpz-Cz;EEG Pz-Oz;EOG horizontal;EMG submental;Marker,100;100;100;100;10,"{""1"": 19, ""2"": 21, ""3"": 16, ""4"": 11, ""M"": 17, ""R"": 5, ""W"": 10}"
sleep-telemetry/ST7131J0-PSG.edf,sleep-telemetry/ST7131JR-Hypnogram.edf,22682736,27660.0,5,EEG Fpz-Cz;EEG Pz-Oz;EOG horizontal;EMG submental;Marker,100;100;100;100;10,"{""1"": 15, ""2"": 27, ""3"": 26, ""4"": 10, ""R"": 9, ""W"": 2}"
sleep-telemetry/ST7132J0-PSG.edf,sleep-telemetry/ST7132JR-Hypnogram.edf,22125136,26980.0,5,EEG Fpz-Cz;EEG Pz-Oz;EOG horizontal;EMG submental;Marker,100;100;100;100;10,"{""1"": 23, ""2"": 39, ""3"": 28, ""4"": 12, ""R"": 8, ""W"": 6}"
sleep-telemetry/ST7141J0-PSG.edf,sleep-telemetry/ST7141JE-Hypnogram.edf,22641736,27610.0,5,EEG Fpz-Cz;EEG Pz-Oz;EOG horizontal;EMG submental;Marker,100;100;100;100;10,"{""1"": 20, ""2"": 34, ""3"": 35, ""4"": 16, ""M"": 4, ""R"": 3, ""W"": 15}"
sleep-telemetry/ST7142J0-PSG.edf,sleep-telemetry/ST7142JE-Hypnogram.edf,22559736,27510.0,5,EEG Fpz-Cz;EEG Pz-Oz;EOG horizontal;EMG submental;Marker,100;100;100;100;10,"{""1"": 14, ""2"": 26, ""3"": 16, ""4"": 7, ""M"": 9, ""R"": 6, ""W"": 13}"
sleep-telemetry/ST7151J0-PSG.edf,sleep-telemetry/ST7151JA-Hypnogram.edf,31579736,38510.0,5,EEG Fpz-Cz;EEG Pz-Oz;EOG horizontal;EMG submental;Marker,100;100;100;100;10,"{""1"": 34, ""2"": 53, ""3"": 44, ""4"": 12, ""R"": 9, ""W"": 26}"
sleep-telemetry/ST7152J0-PSG.edf,sleep-telemetry/ST7152JA-Hypnogram.edf,26446536,32250.0,5,EEG Fpz-Cz;EEG Pz-Oz;EOG horizontal;EMG submental;Marker,100;100;100;100;10,"{""1"": 27, ""2"": 40, ""3"": 44, ""4"": 22, ""R"": 18, ""W"": 16}"
sleep-telemetry/ST7161J0-PSG.edf,sleep-telemetry/ST7161JM-Hypnogram.edf,27307536,33300.0,5,EEG Fpz-Cz;EEG Pz-Oz;EOG horizontal;EMG submental;Marker,100;100;100;100;10,"{""1"": 39, ""2"": 46, ""3"": 24, ""4"": 10, ""R"": 9, ""W"": 20}"
sleep-telemetry/ST7162J0-PSG.edf,sleep-telemetry/ST7162JM-Hypnogram.edf,24634336,30040.0,5,EEG Fpz-Cz;EEG Pz-Oz;EOG horizontal;EMG submental;Marker,100;100;100;100;10,"{""1"": 47, ""2"": 50, ""3"": 33, ""4"": 14, ""R"": 2, ""W"": 34}"
sleep-telemetry/ST7171J0-PSG.edf,sleep-telemetry/ST7171JA-Hypnogram.edf,23724136,28930.0,5,EEG Fpz-Cz;EEG Pz-Oz;EOG horizontal;EMG submental;Marker,100;100;100;100;10,"{""1"": 53, ""2"": 47, ""3"": 39, ""4"": 15, ""R"": 11, ""W"": 29}"
sleep-telemetry/ST7172J0-PSG.edf,sleep-telemetry/ST7172JA-Hypnogram.edf,24765536,30200.0,5,EEG Fpz-Cz;EEG Pz-Oz;EOG horizontal;EMG submental;Marker,100;100;100;100;10,"{""1"": 65, ""2"": 52, ""3"": 28, ""4"": 17, ""R"": 12, ""W"": 25}"
sleep-telemetry/ST7181J0-PSG.edf,sleep-telemetry/ST7181JR-Hypnogram.edf,25323136,30880.0,5,EEG Fpz-Cz;EEG Pz-Oz;EOG horizontal;EMG submental;Marker,100;100;100;100;10,"{""1"": 25, ""2"": 30, ""3"": 20, ""R"": 5, ""W"": 21}"
sleep-telemetry/ST7182J0-PSG.edf,sleep-telemetry/ST7182JR-Hypnogram.edf,27832336,33940.0,5,EEG Fpz-Cz;EEG Pz-Oz;EOG horizontal;EMG submental;Marker,100;100;100;100;10,"{""1"": 17, ""2"": 35, ""3"": 33, ""4"": 5, ""R"": 4, ""W"": 15}"
sleep-telemetry/ST7191J0-PSG.edf,sleep-telemetry/ST7191JR-Hypnogram.edf,27709336,33790.0,5,EEG Fpz-Cz;EEG Pz-Oz;EOG horizontal;EMG submental;Marker,100;100;100;100;10,"{""1"": 30, ""2"": 34, ""3"": 30, ""4"": 28, ""R"": 7, ""W"": 19}"
sleep-telemetry/ST7192J0-PSG.edf,sleep-telemetry/ST7192JR-Hypnogram.edf,26979536,32900.0,5,EEG Fpz-Cz;EEG Pz-Oz;EOG horizontal;EMG submental;Marker,100;100;100;100;10,"{""1"": 10, ""2"": 26, ""3"": 25, ""4"": 11, ""R"": 6, ""W"": 7}"
sleep-telemetry/ST7201J0-PSG.edf,sleep-telemetry/ST7201JO-Hypnogram.edf,23879936,29120.0,5,EEG Fpz-Cz;EEG Pz-Oz;EOG horizontal;EMG submental;Marker,100;100;100;100;10,"{""1"": 26, ""2"": 41, ""3"": 31, ""4"": 17, ""M"": 2, ""R"": 9, ""W"": 11}"
sleep-telemetry/ST7202J0-PSG.edf,sleep-telemetry/ST7202JO-Hypnogram.edf,24601536,30000.0,5,EEG Fpz-Cz;EEG Pz-Oz;EOG horizontal;EMG submental;Marker,100;100;100;100;10,"{""1"": 20, ""2"": 47, ""3"": 31, ""M"": 1, ""R"": 11, ""W"": 11}"
sleep-telemetry/ST7211J0-PSG.edf,sleep-telemetry/ST7211JJ-Hypnogram.edf,26544936,32370.0,5,EEG Fpz-Cz;EEG Pz-Oz;EOG horizontal;EMG submental;Marker,100;100;100;100;10,"{""1"": 31, ""2"": 49, ""3"": 44, ""4"": 16, ""R"": 7, ""W"": 19}"
sleep-telemetry/ST7212J0-PSG.edf,sleep-telemetry/ST7212JJ-Hypnogram.edf,25929936,31620.0,5,EEG Fpz-Cz;EEG Pz-Oz;EOG horizontal;EMG submental;Marker,100;100;100;100;10,"{""1"": 37, ""2"": 30, ""3"": 24, ""4"": 16, ""R"": 8, ""W"": 27}"
sleep-telemetry/ST7221J0-PSG.edf,sleep-telemetry/ST7221JA-Hypnogram.edf,27028736,32960.0,5,EEG Fpz-Cz;EEG Pz-Oz;EOG horizontal;EMG submental;Marker,100;100;100;100;10,"{""1"": 56, ""2"": 36, ""3"": 2, ""R"": 15, ""W"": 29}"
sleep-telemetry/ST7222J0-PSG.edf,sleep-telemetry/ST7222JA-Hypnogram.edf,23568336,28740.0,5,EEG Fpz-Cz;EEG Pz-Oz;EOG horizontal;EMG submental;Marker,100;100;100;100;10,"{""1"": 56, ""2"": 31, ""R"": 20, ""W"": 24}"
sleep-telemetry/ST7241J0-PSG.edf,sleep-telemetry/ST7241JO-Hypnogram.edf,26741736,32610.0,5,EEG Fpz-Cz;EEG Pz-Oz;EOG horizontal;EMG submental;Marker,100;100;100;100;10,"{""1"": 20, ""2"": 34, ""3"": 20, ""4"": 6, ""M"": 3, ""R"": 10, ""W"": 9}"
sleep-telemetry/ST7242J0-PSG.edf,sleep-telemetry/ST7242JO-Hypnogram.edf,24175136,29480.0,5,EEG Fpz-Cz;EEG Pz-Oz;EOG horizontal;EMG submental;Marker,100;100;100;100;10,"{""1"": 17, ""2"": 41, ""3"": 44, ""4"": 28, ""M"": 1, ""R"": 5, ""W"": 10}"
